time (h),temperature (C),humidity (%),wind speed (m/s),atmospheric pressure (bar)
1,15.638962,54.413189,2.506177,1.013250,
2,19.248030,47.018867,1.496406,1.013250,
3,17.771669,47.793903,1.727714,1.013250,
4,15.703352,54.649284,0.758981,1.013250,
5,19.414305,48.271713,2.845552,1.013250,
6,19.592707,53.639557,2.164898,1.013250,
